{
 "states": [
{"time":1,"state":{"roads":[{"speedlimit":120,"co2":261,"weather":"SUNNY","vehicles":["v1"],"id":"r1"},{"speedlimit":120,"co2":0,"weather":"SUNNY","vehicles":["v2"],"id":"r2"},{"speedlimit":120,"co2":0,"weather":"SUNNY","vehicles":[],"id":"r3"}],"vehicles":[{"distance":87,"road":"r1","co2":261,"location":87,"id":"v1","class":3,"speed":87,"status":"TRAVELING"},{"distance":50,"road":"r2","co2":0,"location":50,"id":"v2","class":0,"speed":50,"status":"TRAVELING"}],"junctions":[{"green":"none","queues":[],"id":"j1"},{"green":"none","queues":[],"id":"j2"},{"green":"r1","queues":[{"road":"r1","vehicles":[]},{"road":"r2","vehicles":[]}],"id":"j3"},{"green":"r3","queues":[{"road":"r3","vehicles":[]}],"id":"j4"}]}},
{"time":2,"state":{"roads":[{"speedlimit":120,"co2":520,"weather":"SUNNY","vehicles":["v1"],"id":"r1"},{"speedlimit":120,"co2":0,"weather":"SUNNY","vehicles":["v2"],"id":"r2"},{"speedlimit":120,"co2":0,"weather":"SUNNY","vehicles":[],"id":"r3"}],"vehicles":[{"distance":174,"road":"r1","co2":522,"location":174,"id":"v1","class":3,"speed":87,"status":"TRAVELING"},{"distance":100,"road":"r2","co2":0,"location":100,"id":"v2","class":0,"speed":50,"status":"TRAVELING"}],"junctions":[{"green":"none","queues":[],"id":"j1"},{"green":"none","queues":[],"id":"j2"},{"green":"r1","queues":[{"road":"r1","vehicles":[]},{"road":"r2","vehicles":[]}],"id":"j3"},{"green":"r3","queues":[{"road":"r3","vehicles":[]}],"id":"j4"}]}},
{"time":3,"state":{"roads":[{"speedlimit":120,"co2":779,"weather":"SUNNY","vehicles":["v1"],"id":"r1"},{"speedlimit":120,"co2":0,"weather":"SUNNY","vehicles":["v2"],"id":"r2"},{"speedlimit":120,"co2":0,"weather":"SUNNY","vehicles":[],"id":"r3"}],"vehicles":[{"distance":261,"road":"r1","co2":783,"location":261,"id":"v1","class":3,"speed":87,"status":"TRAVELING"},{"distance":150,"road":"r2","co2":0,"location":150,"id":"v2","class":0,"speed":50,"status":"TRAVELING"}],"junctions":[{"green":"none","queues":[],"id":"j1"},{"green":"none","queues":[],"id":"j2"},{"green":"r1","queues":[{"road":"r1","vehicles":[]},{"road":"r2","vehicles":[]}],"id":"j3"},{"green":"r3","queues":[{"road":"r3","vehicles":[]}],"id":"j4"}]}},
{"time":4,"state":{"roads":[{"speedlimit":120,"co2":1038,"weather":"SUNNY","vehicles":["v1"],"id":"r1"},{"speedlimit":120,"co2":0,"weather":"SUNNY","vehicles":["v2"],"id":"r2"},{"speedlimit":120,"co2":0,"weather":"SUNNY","vehicles":[],"id":"r3"}],"vehicles":[{"distance":348,"road":"r1","co2":1044,"location":348,"id":"v1","class":3,"speed":87,"status":"TRAVELING"},{"distance":200,"road":"r2","co2":0,"location":200,"id":"v2","class":0,"speed":50,"status":"TRAVELING"}],"junctions":[{"green":"none","queues":[],"id":"j1"},{"green":"none","queues":[],"id":"j2"},{"green":"r1","queues":[{"road":"r1","vehicles":[]},{"road":"r2","vehicles":[]}],"id":"j3"},{"green":"r3","queues":[{"road":"r3","vehicles":[]}],"id":"j4"}]}},
{"time":5,"state":{"roads":[{"speedlimit":120,"co2":1297,"weather":"SUNNY","vehicles":["v1"],"id":"r1"},{"speedlimit":120,"co2":0,"weather":"SUNNY","vehicles":["v2"],"id":"r2"},{"speedlimit":120,"co2":0,"weather":"SUNNY","vehicles":[],"id":"r3"}],"vehicles":[{"distance":435,"road":"r1","co2":1305,"location":435,"id":"v1","class":3,"speed":87,"status":"TRAVELING"},{"distance":250,"road":"r2","co2":0,"location":250,"id":"v2","class":0,"speed":50,"status":"TRAVELING"}],"junctions":[{"green":"none","queues":[],"id":"j1"},{"green":"none","queues":[],"id":"j2"},{"green":"r1","queues":[{"road":"r1","vehicles":[]},{"road":"r2","vehicles":[]}],"id":"j3"},{"green":"r3","queues":[{"road":"r3","vehicles":[]}],"id":"j4"}]}},
{"time":6,"state":{"roads":[{"speedlimit":120,"co2":1556,"weather":"SUNNY","vehicles":["v1"],"id":"r1"},{"speedlimit":120,"co2":0,"weather":"SUNNY","vehicles":["v2"],"id":"r2"},{"speedlimit":120,"co2":0,"weather":"SUNNY","vehicles":[],"id":"r3"}],"vehicles":[{"distance":522,"road":"r1","co2":1566,"location":522,"id":"v1","class":3,"speed":87,"status":"TRAVELING"},{"distance":300,"road":"r2","co2":0,"location":300,"id":"v2","class":0,"speed":50,"status":"TRAVELING"}],"junctions":[{"green":"none","queues":[],"id":"j1"},{"green":"none","queues":[],"id":"j2"},{"green":"r2","queues":[{"road":"r1","vehicles":[]},{"road":"r2","vehicles":[]}],"id":"j3"},{"green":"r3","queues":[{"road":"r3","vehicles":[]}],"id":"j4"}]}},
{"time":7,"state":{"roads":[{"speedlimit":120,"co2":1815,"weather":"SUNNY","vehicles":["v1"],"id":"r1"},{"speedlimit":120,"co2":0,"weather":"SUNNY","vehicles":["v2"],"id":"r2"},{"speedlimit":120,"co2":0,"weather":"SUNNY","vehicles":[],"id":"r3"}],"vehicles":[{"distance":609,"road":"r1","co2":1827,"location":609,"id":"v1","class":3,"speed":87,"status":"TRAVELING"},{"distance":350,"road":"r2","co2":0,"location":350,"id":"v2","class":0,"speed":50,"status":"TRAVELING"}],"junctions":[{"green":"none","queues":[],"id":"j1"},{"green":"none","queues":[],"id":"j2"},{"green":"r2","queues":[{"road":"r1","vehicles":[]},{"road":"r2","vehicles":[]}],"id":"j3"},{"green":"r3","queues":[{"road":"r3","vehicles":[]}],"id":"j4"}]}},
{"time":8,"state":{"roads":[{"speedlimit":120,"co2":2074,"weather":"SUNNY","vehicles":["v1"],"id":"r1"},{"speedlimit":120,"co2":0,"weather":"SUNNY","vehicles":["v2"],"id":"r2"},{"speedlimit":120,"co2":0,"weather":"SUNNY","vehicles":[],"id":"r3"}],"vehicles":[{"distance":696,"road":"r1","co2":2088,"location":696,"id":"v1","class":3,"speed":87,"status":"TRAVELING"},{"distance":400,"road":"r2","co2":0,"location":400,"id":"v2","class":0,"speed":50,"status":"TRAVELING"}],"junctions":[{"green":"none","queues":[],"id":"j1"},{"green":"none","queues":[],"id":"j2"},{"green":"r2","queues":[{"road":"r1","vehicles":[]},{"road":"r2","vehicles":[]}],"id":"j3"},{"green":"r3","queues":[{"road":"r3","vehicles":[]}],"id":"j4"}]}},
{"time":9,"state":{"roads":[{"speedlimit":120,"co2":2333,"weather":"SUNNY","vehicles":["v1"],"id":"r1"},{"speedlimit":120,"co2":0,"weather":"SUNNY","vehicles":["v2"],"id":"r2"},{"speedlimit":120,"co2":0,"weather":"SUNNY","vehicles":[],"id":"r3"}],"vehicles":[{"distance":783,"road":"r1","co2":2349,"location":783,"id":"v1","class":3,"speed":87,"status":"TRAVELING"},{"distance":450,"road":"r2","co2":0,"location":450,"id":"v2","class":0,"speed":50,"status":"TRAVELING"}],"junctions":[{"green":"none","queues":[],"id":"j1"},{"green":"none","queues":[],"id":"j2"},{"green":"r2","queues":[{"road":"r1","vehicles":[]},{"road":"r2","vehicles":[]}],"id":"j3"},{"green":"r3","queues":[{"road":"r3","vehicles":[]}],"id":"j4"}]}},
{"time":10,"state":{"roads":[{"speedlimit":120,"co2":2592,"weather":"SUNNY","vehicles":["v1"],"id":"r1"},{"speedlimit":120,"co2":0,"weather":"SUNNY","vehicles":["v2"],"id":"r2"},{"speedlimit":120,"co2":0,"weather":"SUNNY","vehicles":[],"id":"r3"}],"vehicles":[{"distance":870,"road":"r1","co2":2610,"location":870,"id":"v1","class":3,"speed":87,"status":"TRAVELING"},{"distance":500,"road":"r2","co2":0,"location":500,"id":"v2","class":0,"speed":50,"status":"TRAVELING"}],"junctions":[{"green":"none","queues":[],"id":"j1"},{"green":"none","queues":[],"id":"j2"},{"green":"r2","queues":[{"road":"r1","vehicles":[]},{"road":"r2","vehicles":[]}],"id":"j3"},{"green":"r3","queues":[{"road":"r3","vehicles":[]}],"id":"j4"}]}}]
}
